{
     "January": 4908726440.869997,
     "February": 5138369527.98,
     "March": 5725408377.8899975,
     "April": 4387252419.769999,
     "May": 4939723263.750005,
     "June": 3267097338.1800017,
     "July": 4095820797.539999,
     "August": 3605201334.6500006,
     "September": 3659874904.020001,
     "October": 3039905363.35,
     "November": 1866883373.6999998,
     "December": 1994025011.4000008
}